{
  "kyber512_dudv": [
    {
      "primal": {
        "d": 963,
        "beta": 394,
        "m": 0,
        "rop": 2.860929422603167e+43,
        "classical": 144,
        "quantum": 72
      },
      "dual": {
        "d": 976,
        "beta": 391,
        "m": 490,
        "rop": 1.9680090108692064e+43,
        "classical": 143,
        "quantum": 71
      },
      "params": {
        "n": 256,
        "k": 2,
        "eta1": 3,
        "eta2": 2,
        "q": 3329,
        "du": 10,
        "dv": 4
      }
    },
    {
      "primal": {
        "d": 963,
        "beta": 394,
        "m": 0,
        "rop": 2.860929422603167e+43,
        "classical": 144,
        "quantum": 72
      },
      "dual": {
        "d": 976,
        "beta": 391,
        "m": 490,
        "rop": 1.9680090108692064e+43,
        "classical": 143,
        "quantum": 71
      },
      "params": {
        "n": 256,
        "k": 2,
        "eta1": 3,
        "eta2": 2,
        "q": 3329,
        "du": 11,
        "dv": 3
      }
    },
    {
      "primal": {
        "d": 963,
        "beta": 394,
        "m": 0,
        "rop": 2.860929422603167e+43,
        "classical": 144,
        "quantum": 72
      },
      "dual": {
        "d": 976,
        "beta": 391,
        "m": 490,
        "rop": 1.9680090108692064e+43,
        "classical": 143,
        "quantum": 71
      },
      "params": {
        "n": 256,
        "k": 2,
        "eta1": 3,
        "eta2": 2,
        "q": 3329,
        "du": 9,
        "dv": 5
      }
    }
  ],
  "kyber512_eta": [
    {
      "primal": {
        "d": 1005,
        "beta": 422,
        "m": 0,
        "rop": 8.635115747287268e+45,
        "classical": 152,
        "quantum": 76
      },
      "dual": {
        "d": 1002,
        "beta": 423,
        "m": 512,
        "rop": 1.2302207049900637e+46,
        "classical": 153,
        "quantum": 76
      },
      "params": {
        "n": 256,
        "k": 2,
        "eta1": 5,
        "eta2": 3,
        "q": 3329,
        "du": 10,
        "dv": 4
      }
    }
  ],
  "kyber768_dudv": [
    {
      "primal": {
        "d": 1427,
        "beta": 624,
        "m": 0,
        "rop": 6.990034816827258e+63,
        "classical": 212,
        "quantum": 106
      },
      "dual": {
        "d": 1429,
        "beta": 618,
        "m": 695,
        "rop": 2.4967383096765507e+63,
        "classical": 210,
        "quantum": 105
      },
      "params": {
        "n": 256,
        "k": 3,
        "eta1": 2,
        "eta2": 2,
        "q": 3329,
        "du": 10,
        "dv": 4
      }
    },
    {
      "primal": {
        "d": 1427,
        "beta": 624,
        "m": 0,
        "rop": 6.990034816827258e+63,
        "classical": 212,
        "quantum": 106
      },
      "dual": {
        "d": 1429,
        "beta": 618,
        "m": 695,
        "rop": 2.4967383096765507e+63,
        "classical": 210,
        "quantum": 105
      },
      "params": {
        "n": 256,
        "k": 3,
        "eta1": 2,
        "eta2": 2,
        "q": 3329,
        "du": 11,
        "dv": 3
      }
    },
    {
      "primal": {
        "d": 1427,
        "beta": 624,
        "m": 0,
        "rop": 6.990034816827258e+63,
        "classical": 212,
        "quantum": 106
      },
      "dual": {
        "d": 1429,
        "beta": 618,
        "m": 695,
        "rop": 2.4967383096765507e+63,
        "classical": 210,
        "quantum": 105
      },
      "params": {
        "n": 256,
        "k": 3,
        "eta1": 2,
        "eta2": 2,
        "q": 3329,
        "du": 9,
        "dv": 5
      }
    }
  ],
  "kyber768_eta": [
    {
      "primal": {
        "d": 1482,
        "beta": 688,
        "m": 0,
        "rop": 3.065858652842936e+69,
        "classical": 230,
        "quantum": 115
      },
      "dual": {
        "d": 1495,
        "beta": 690,
        "m": 754,
        "rop": 5.396530811581042e+69,
        "classical": 231,
        "quantum": 115
      },
      "params": {
        "n": 256,
        "k": 3,
        "eta1": 4,
        "eta2": 4,
        "q": 3329,
        "du": 10,
        "dv": 4
      }
    }
  ],
  "kyber1024_dudv": [
    {
      "primal": {
        "d": 1867,
        "beta": 874,
        "m": 0,
        "rop": 8.637525991654231e+85,
        "classical": 285,
        "quantum": 142
      },
      "dual": {
        "d": 1870,
        "beta": 865,
        "m": 889,
        "rop": 1.5461397969880184e+85,
        "classical": 282,
        "quantum": 141
      },
      "params": {
        "n": 256,
        "k": 4,
        "eta1": 2,
        "eta2": 2,
        "q": 3329,
        "du": 10,
        "dv": 4
      }
    },
    {
      "primal": {
        "d": 1867,
        "beta": 874,
        "m": 0,
        "rop": 8.637525991654231e+85,
        "classical": 285,
        "quantum": 142
      },
      "dual": {
        "d": 1870,
        "beta": 865,
        "m": 889,
        "rop": 1.5461397969880184e+85,
        "classical": 282,
        "quantum": 141
      },
      "params": {
        "n": 256,
        "k": 4,
        "eta1": 2,
        "eta2": 2,
        "q": 3329,
        "du": 11,
        "dv": 3
      }
    },
    {
      "primal": {
        "d": 1867,
        "beta": 874,
        "m": 0,
        "rop": 8.637525991654231e+85,
        "classical": 285,
        "quantum": 142
      },
      "dual": {
        "d": 1870,
        "beta": 865,
        "m": 889,
        "rop": 1.5461397969880184e+85,
        "classical": 282,
        "quantum": 141
      },
      "params": {
        "n": 256,
        "k": 4,
        "eta1": 2,
        "eta2": 2,
        "q": 3329,
        "du": 9,
        "dv": 5
      }
    }
  ],
  "kyber1024_eta": [
    {
      "primal": {
        "d": 1930,
        "beta": 960,
        "m": 0,
        "rop": 3.237931146682604e+93,
        "classical": 310,
        "quantum": 155
      },
      "dual": {
        "d": 1954,
        "beta": 961,
        "m": 964,
        "rop": 4.249204530677108e+93,
        "classical": 311,
        "quantum": 155
      },
      "params": {
        "n": 256,
        "k": 4,
        "eta1": 4,
        "eta2": 4,
        "q": 3329,
        "du": 10,
        "dv": 4
      }
    }
  ]
}